count,mean,std,min,25%,50%,75%,max
4251.0,167.14655375205834,55.850345613786324,14.0,137.0,163.0,192.0,380.0
2291.0,145.73417721518987,25.824374203910605,101.0,129.0,141.0,155.0,284.0
